{"cameraMode":{"drawMode":0,"name":"Shaded","section":"Shading Mode"},"sceneLighting":true,"audioPlay":false,"sceneViewState":{"showFog":true,"showMaterialUpdate":false,"showSkybox":true,"showFlares":true,"showImageEffects":true,"showParticleSystems":true},"in2DMode":false,"pivot":{"x":0.03821135312318802,"y":2.335501194000244,"z":-8.555814743041993},"rotation":{"x":0.0368504524230957,"y":0.7224318981170654,"z":-0.03862250596284866,"w":0.6893783211708069},"size":12.596722602844239,"orthographic":true}