{"cameraMode":{"drawMode":0,"name":"Shaded","section":"Shading Mode"},"sceneLighting":false,"audioPlay":false,"sceneViewState":{"showFog":true,"showMaterialUpdate":false,"showSkybox":false,"showFlares":true,"showImageEffects":true,"showParticleSystems":true},"in2DMode":false,"pivot":{"x":-0.011281609535217286,"y":0.46623629331588747,"z":-580.0},"rotation":{"x":-0.15861353278160096,"y":0.01688004471361637,"z":-0.0027121296152472498,"w":-0.9871927499771118},"size":3.889535427093506,"orthographic":false}