{"cameraMode":{"drawMode":0,"name":"Shaded","section":"Shading Mode"},"sceneLighting":false,"audioPlay":false,"sceneViewState":{"showFog":true,"showMaterialUpdate":false,"showSkybox":false,"showFlares":true,"showImageEffects":true,"showParticleSystems":true},"in2DMode":false,"pivot":{"x":0.0,"y":0.6523230075836182,"z":-0.0033943653106689455},"rotation":{"x":-0.02997857891023159,"y":0.033580392599105838,"z":-0.0010077139595523477,"w":-0.9989858269691467},"size":8.570289611816407,"orthographic":false}