{"cameraMode":{"drawMode":0,"name":"Shaded","section":"Shading Mode"},"sceneLighting":false,"audioPlay":false,"sceneViewState":{"showFog":true,"showMaterialUpdate":false,"showSkybox":false,"showFlares":true,"showImageEffects":true,"showParticleSystems":true},"in2DMode":false,"pivot":{"x":8.757377624511719,"y":6.383482456207275,"z":-19.603256225585939},"rotation":{"x":-0.15861353278160096,"y":0.01688004471361637,"z":-0.0027121296152472498,"w":-0.9871927499771118},"size":2.253474235534668,"orthographic":false}